	CityName	Cloudiness	Country	Date	Humidity	Lat	Lng	MaxTemp	WindSpeed
0	Mahebourg	75.0	MU	1544374800	88	-20.41	57.7	78.8	8.05
1	Opotiki	0.0	NZ	1544377525	100	-38.01	177.29	62.42	3.69
2	Oranjestad	40.0	AW	1544374800	58	12.52	-70.03	84.2	23.04
3	Cumana	20.0	VE	1544377526	38	10.46	-64.17	87.76	4.14
4	Ngaoundere	0.0	CM	1544377526	41	7.32	13.58	72.5	8.61
5	Punta Arenas	0.0	CL	1544374800	66	-53.16	-70.91	59	23.04
7	Mataura	92.0	NZ	1544377527	89	-46.19	168.86	49.82	4.36
8	Finschhafen	76.0	PG	1544377527	97	-6.6	147.85	72.23	3.47
9	Honningsvag	90.0	NO	1544376000	86	70.98	25.97	30.2	3.36
10	Severo-Kurilsk	48.0	RU	1544377528	100	50.68	156.12	25.21	3.69
11	Puerto Ayora	75.0	EC	1544374800	57	-0.74	-90.35	80.6	8.05
12	Naze	48.0	NG	1544377530	97	5.43	7.07	74.53	6.6
13	Tuktoyaktuk	90.0	CA	1544374800	84	69.44	-133.03	5	9.17
14	Bombay	90.0	US	1544375700	79	44.94	-74.57	30.92	21.92
15	Selikhino	68.0	RU	1544377531	79	50.37	137.51	-12.24	2.91
16	Russell	0.0	AR	1544377532	48	-33.01	-68.8	74.17	3.47
17	Lagoa	0.0	PT	1544374800	63	37.14	-8.45	64.4	2.24
18	Saint-Francois	75.0	FR	1544374800	76	46.42	3.91	50	16.11
19	Katangli	44.0	RU	1544377533	95	51.71	143.23	21.7	24.94
20	Tiarei	90.0	PF	1544376600	69	-17.53	-149.33	82.4	10.29
21	Acapulco	20.0	MX	1544373840	62	16.86	-99.88	84.2	2.24
22	Busselton	0.0	AU	1544377535	100	-33.64	115.35	64.81	20.24
23	Copiapo	0.0	CL	1544374800	38	-27.37	-70.33	75.2	9.17
25	Port Alfred	92.0	ZA	1544377535	94	-33.59	26.89	66.79	9.62
26	Tuatapere	88.0	NZ	1544377536	100	-46.13	167.69	49.28	4.59
28	Thessalon	90.0	CA	1544375700	80	46.26	-83.55	28.76	6.93
29	Nikolskoye	40.0	RU	1544376600	86	59.7	30.79	30.2	13.42
30	Pevek	44.0	RU	1544377537	100	69.7	170.27	-9.9	2.57
31	Rikitea	12.0	PF	1544377537	96	-23.12	-134.97	78.98	13.09
32	Yellowknife	40.0	CA	1544374800	92	62.45	-114.38	10.4	8.05
35	Ushuaia	75.0	AR	1544374800	81	-54.81	-68.31	55.4	5.82
36	Qaanaaq	44.0	GL	1544377539	94	77.48	-69.36	-4.95	11.97
37	Cayhagan	0.0	PH	1544377540	95	9.67	122.43	81.01	12.75
38	Chokurdakh	24.0	RU	1544377540	50	70.62	147.9	-30.1	8.05
40	Callaguip	0.0	PH	1544377541	100	18.07	120.49	70.88	3.91
41	Albany	20.0	US	1544375820	55	42.65	-73.75	35.6	6.93
42	Synya	76.0	RU	1544377541	82	65.37	58.04	17.74	11.07
43	Aklavik	90.0	CA	1544375400	77	68.22	-135.01	3.2	4.7
44	Aksarka	76.0	RU	1544377542	88	66.56	67.8	13.55	11.97
45	Hermanus	0.0	ZA	1544377542	67	-34.42	19.24	63.01	4.81
47	Ortona	20.0	IT	1544374200	71	42.35	14.4	51.8	6.93
48	Kuching	75.0	MY	1544376600	100	1.56	110.34	75.2	7.94
49	Evensk	24.0	RU	1544377544	100	61.92	159.24	8.87	17.67
51	Saint-Philippe	90.0	CA	1544376900	70	45.36	-73.48	30.2	9.17
53	Longyearbyen	40.0	NO	1544374200	62	78.22	15.63	23	12.75
54	Kapaa	90.0	US	1544374560	71	22.08	-159.32	71.96	24.16
55	Bluff	20.0	AU	1544377546	73	-23.58	149.07	70.12	10.74
56	Samarai	48.0	PG	1544377546	100	-10.62	150.67	80.83	4.59
57	Khatanga	68.0	RU	1544377547	71	71.98	102.47	-10.26	9.95
58	Ust-Kulom	68.0	RU	1544377547	87	61.69	53.69	19.99	4.59
59	Hobart	40.0	AU	1544374800	82	-42.88	147.33	57.2	5.82
61	Rio Tuba	76.0	PH	1544377548	99	8.51	117.43	80.6	11.07
62	Saint George	20.0	GR	1544374200	81	39.45	22.34	48.2	5.03
63	Bredasdorp	56.0	ZA	1544374800	72	-34.53	20.04	68	8.05
64	Victoria	75.0	BN	1544374800	94	5.28	115.24	80.6	3.36
65	Laguna	5.0	MX	1544373600	52	27.52	-110.01	68	9.17
66	Borovoy	80.0	RU	1544377551	90	63.23	52.89	19.18	7.16
67	Porto Novo	20.0	BR	1544374800	42	-23.68	-45.44	80.6	6.93
68	Fuquay-Varina	90.0	US	1544377260	100	35.58	-78.8	37.04	18.34
69	Jamestown	44.0	AU	1544377553	78	-33.21	138.6	63.77	8.05
70	Xichang	0.0	CN	1544377553	25	27.88	102.25	51.76	3.13
71	Upernavik	48.0	GL	1544377421	100	72.79	-56.15	8.33	4.81
72	Kahului	75.0	US	1544374560	71	20.89	-156.47	73.94	13.87
73	Ahuimanu	75.0	US	1544374620	71	21.44	-157.84	73.94	12.75
74	Hamilton	75.0	BM	1544374500	55	32.3	-64.78	64.4	11.41
75	Lebu	20.0	ET	1544374800	63	8.96	38.73	60.8	9.17
76	Codrington	40.0	AU	1544374800	93	-28.95	153.24	64.4	3.36
77	Hasaki	0.0	JP	1544374800	74	35.73	140.83	35.6	4.7
78	Bayan	36.0	MN	1544377557	47	47.25	107.54	-19.35	3.36
79	Hithadhoo	76.0	MV	1544377558	100	-0.6	73.08	82.13	8.39
80	Isla Mujeres	75.0	MX	1544373780	74	21.23	-86.73	82.4	6.93
81	Vaini	80.0	IN	1544377559	89	15.34	74.49	72.23	1.68
82	Tiassale	48.0	CI	1544377560	72	5.9	-4.83	83.98	3.58
83	Nemuro	12.0	JP	1544377560	100	43.32	145.57	29.3	25.72
84	Vryburg	56.0	ZA	1544377560	14	-26.96	24.73	75.7	9.84
85	Cape Town	20.0	ZA	1544374800	68	-33.93	18.42	68	21.92
86	North Bend	90.0	US	1544374560	89	43.41	-124.22	50	6.93
87	San Carlos de Bariloche	40.0	AR	1544374800	44	-41.13	-71.31	60.8	26.4
88	Sept-Iles	75.0	CA	1544374800	55	50.2	-66.38	10.4	5.82
89	Atuona	76.0	PF	1544377562	100	-9.8	-139.03	78.98	16.33
90	Wajima	92.0	JP	1544377563	100	37.4	136.9	42.04	4.59
91	Portland	90.0	US	1544374560	64	45.52	-122.67	42.08	16.11
92	La Asuncion	64.0	EC	1544377563	71	-1.64	-78.74	58.1	2.68
94	Candolim	68.0	IN	1544373000	74	15.52	73.76	80.6	10.29
96	Kropotkin	68.0	RU	1544377565	91	45.43	40.58	32.68	10.07
97	Craig	90.0	US	1544376900	81	40.52	-107.55	28.94	2.35
99	Askiz	48.0	RU	1544377566	63	53.13	90.53	-8.5	1.57
100	Ilulissat	75.0	GL	1544374200	60	69.22	-51.1	10.4	8.05
102	New Norfolk	40.0	AU	1544376600	87	-42.78	147.06	55.4	6.93
103	Nizwa	0.0	OM	1544377568	60	22.93	57.53	58.33	3.69
104	Whitehorse	75.0	CA	1544374800	69	60.72	-135.06	35.6	19.46
105	Georgetown	75.0	GY	1544374800	66	6.8	-58.16	84.2	13.87
106	Harper	90.0	US	1544376900	65	30.3	-99.24	46.04	11.41
107	Saskylakh	8.0	RU	1544377572	36	71.97	114.09	-24.25	4.59
108	Calama	0.0	CL	1544374800	3	-22.46	-68.93	82.4	21.92
109	Tasiilaq	48.0	GL	1544374200	45	65.61	-37.64	26.6	18.34
110	Ponta do Sol	36.0	BR	1544377574	47	-20.63	-46	79.93	12.08
111	Chunskiy	44.0	RU	1544377575	62	56.08	99.63	-21.73	4.14
112	Teberda	8.0	RU	1544377575	71	43.44	41.74	8.74	0.89
113	Castro	75.0	CL	1544374800	87	-42.48	-73.76	57.2	14.99
114	Atar	0.0	MR	1544377576	13	20.52	-13.05	79.25	6.38
115	Butaritari	0.0	KI	1544377577	100	3.07	172.79	84.25	7.38
117	Provideniya	44.0	RU	1544377577	100	64.42	-173.23	15.35	20.8
118	Saldanha	0.0	PT	1544377578	92	41.42	-6.55	43.93	2.35
119	Monte Alegre	20.0	BR	1544377578	72	-2	-54.07	85.87	3.47
120	Rio Grande	0.0	BR	1544374800	33	-32.03	-52.1	89.6	6.93
121	Pisco	20.0	PE	1544374800	30	-13.71	-76.2	71.6	11.41
122	Lasa	40.0	CY	1544374800	63	34.92	32.53	64.4	4.7
124	Havre-Saint-Pierre	20.0	CA	1544374800	66	50.23	-63.6	15.8	13.87
125	Walvis Bay	0.0	NA	1544374800	60	-22.95	14.51	68	17.22
126	Nanortalik	68.0	GL	1544377581	91	60.14	-45.24	27.68	10.74
127	Astoria	90.0	US	1544374500	82	46.19	-123.83	44.06	11.41
128	Veraval	88.0	FR	1544374800	93	49.65	0.71	51.8	17.22
129	Bethel	90.0	US	1544376360	92	60.79	-161.76	21.2	2.35
130	Pacific Grove	1.0	US	1544375700	76	36.62	-121.92	50	2.57
131	Kholodnyy	32.0	RU	1544377583	40	62.72	147.95	-28.35	2.68
132	Kerchevskiy	88.0	RU	1544377584	96	59.95	56.29	21.25	4.36
133	Sao Joao da Barra	75.0	BR	1544374800	50	-21.64	-41.05	78.8	18.34
134	Shugurovo	76.0	RU	1544377585	95	54.51	52.13	23.18	4.7
135	Adre	0.0	TD	1544377585	53	13.47	22.2	67.87	3.36
136	Port Elizabeth	1.0	US	1544374560	58	39.31	-74.98	35.06	6.93
137	Barrow	44.0	AR	1544377586	46	-38.31	-60.23	81.01	11.97
138	Meulaboh	64.0	ID	1544377586	100	4.14	96.13	79.84	3.13
139	Port Blair	68.0	IN	1544377403	100	11.67	92.75	78.8	7.16
141	Berlevag	90.0	NO	1544374200	100	70.86	29.09	26.6	2.24
142	Gisors	92.0	FR	1544374800	87	49.28	1.78	50	10.29
143	Geraldton	75.0	CA	1544374800	72	49.72	-86.95	17.6	6.93
144	Matane	90.0	CA	1544374800	65	48.83	-67.52	8.6	5.82
145	Salym	64.0	RU	1544377591	67	60.06	71.48	10.54	5.59
146	Carnarvon	32.0	ZA	1544377592	26	-30.97	22.13	67.1	12.19
147	Bairnsdale	88.0	AU	1544377593	96	-37.83	147.63	63.5	3.58
149	Tiksi	0.0	RU	1544377594	0	71.64	128.87	-41.31	5.93
150	Coahuayana	0.0	MX	1544377594	41	18.62	-100.35	81.28	3.02
151	Juiz de Fora	75.0	BR	1544374800	68	-21.76	-43.35	68	10.29
152	Airai	24.0	TL	1544377595	93	-8.93	125.41	71.11	1.68
153	Vila Velha	40.0	BR	1544374800	70	-3.71	-38.6	86	11.41
154	Karratha	12.0	AU	1544377596	17	-20.74	116.85	93.79	14.76
155	Dikson	64.0	RU	1544377596	100	73.51	80.55	21.83	21.81
156	Launceston	90.0	AU	1544374800	87	-41.43	147.14	57.2	9.17
157	Morondava	56.0	MG	1544377597	82	-20.3	44.28	83.48	4.92
158	Mar del Plata	44.0	AR	1544377598	30	-46.43	-67.52	78.58	10.63
159	Tumsar	56.0	IN	1544377599	95	21.38	79.75	64	1.9
160	Norman Wells	75.0	CA	1544374800	85	65.28	-126.83	24.8	3.58
161	Hilo	90.0	US	1544374380	90	19.71	-155.08	69.08	4.7
162	Mogadishu	20.0	SO	1544377602	99	2.04	45.34	81.23	18.12
163	Sao Filipe	0.0	CV	1544377603	82	14.9	-24.5	79.48	11.41
164	Nizhniy Odes	76.0	RU	1544377604	81	63.64	54.86	19.22	4.92
165	Esperance	20.0	TT	1544374800	45	10.24	-61.45	87.8	17.22
167	Atambua	68.0	ID	1544377607	100	-9.11	124.89	79.21	3.02
168	Vardo	1.0	US	1544376000	51	39.62	-77.74	32	4.7
169	Arraial do Cabo	20.0	BR	1544374800	61	-22.97	-42.02	78.8	11.41
170	Bambous Virieux	75.0	MU	1544374800	88	-20.34	57.76	78.8	8.05
171	Isangel	80.0	VU	1544377610	100	-19.55	169.27	77.27	17.9
172	Sinnamary	76.0	GF	1544377612	98	5.38	-52.96	79.07	8.5
174	Vilyuysk	44.0	RU	1544377613	66	63.75	121.63	-22.23	4.59
175	Ribeira Grande	40.0	PT	1544374800	88	38.52	-28.7	66.2	12.75
176	Cap Malheureux	75.0	MU	1544374800	88	-19.98	57.61	78.8	8.05
177	Torbay	20.0	CA	1544374800	73	47.66	-52.73	24.8	35.57
178	Siniscola	20.0	IT	1544376000	59	40.57	9.69	60.8	31.09
179	Kamloops	44.0	CA	1544377505	80	50.68	-120.34	7.7	2.13
180	Kodiak	1.0	US	1544375700	46	39.95	-94.76	30.2	8.05
181	Avarua	92.0	CK	1544377620	100	-21.21	-159.78	77.05	36.01
182	San Jose	12.0	PH	1544377622	94	15.79	120.99	69.76	2.13
183	Vershino-Darasunskiy	0.0	RU	1544377623	0	52.35	115.52	-34.56	2.91
184	Saint-Leu	75.0	RE	1544376600	69	-21.15	55.28	80.6	3.36
185	Edea	20.0	CM	1544374800	83	3.8	10.13	82.4	3.36
187	Tanushimaru	90.0	JP	1544374800	69	33.35	130.68	42.8	5.82
188	Hovd	75.0	NO	1544376000	98	63.83	10.7	37.4	9.17
190	Luderitz	0.0	NA	1544377629	67	-26.65	15.16	63.55	25.39
191	Grindavik	75.0	IS	1544376600	74	63.84	-22.43	35.6	20.8
192	Leningradskiy	56.0	RU	1544377632	100	69.38	178.42	-3.96	25.05
193	Brae	80.0	GB	1544376000	80	60.4	-1.35	35.6	17.22
194	Nishihara	75.0	JP	1544376600	48	35.74	139.53	44.6	18.34
195	Phitsanulok	76.0	TH	1544377633	98	16.82	100.26	70.7	2.91
196	Te Anau	92.0	NZ	1544377634	100	-45.41	167.72	46.45	3.36
197	The Valley	40.0	AI	1544374800	65	18.22	-63.06	86	14.99
198	Nelson Bay	0.0	AU	1544376600	93	-32.72	152.14	62.6	22.59
200	Cherskiy	64.0	RU	1544377382	74	68.75	161.3	-16.65	5.93
201	Jasper	92.0	US	1544375940	87	33.83	-87.28	42.8	5.82
203	Kununurra	0.0	AU	1544376600	88	-15.77	128.74	80.6	3.36
204	Kruisfontein	20.0	ZA	1544377636	83	-34	24.73	64.54	9.51
206	Tual	64.0	ID	1544377637	100	-5.67	132.75	84.88	9.62
208	Srednekolymsk	68.0	RU	1544377638	46	67.46	153.71	-28.71	3.02
209	Sioux Lookout	90.0	CA	1544375640	92	50.1	-91.92	15.8	5.82
210	Wanning	75.0	AT	1544376000	81	48.64	13.53	44.6	16.11
211	Cayenne	64.0	GF	1544376600	70	4.94	-52.33	84.2	11.41
212	Wamba	0.0	CD	1544377639	62	2.14	27.99	73	3.47
213	Ko Samui	68.0	TH	1544377518	100	9.54	99.94	78.98	9.4
214	Taoudenni	0.0	ML	1544377640	27	22.68	-3.98	67.69	7.16
215	Jumilla	0.0	ES	1544374800	67	38.47	-1.33	62.6	9.17
216	Dondo	90.0	MZ	1544374800	100	-19.62	34.74	77	6.93
217	Tynda	20.0	RU	1544377641	60	55.15	124.74	-8.05	6.15
218	Lata	24.0	IN	1544377642	87	30.78	78.62	28.63	1.9
219	Mattru	68.0	SL	1544377642	33	7.62	-11.83	94.33	2.8
220	Binga	20.0	ZW	1544377642	75	-17.62	27.34	81.01	6.82
221	Seoul	1.0	KR	1544376600	72	37.57	126.98	21.2	1.12
222	Naryan-Mar	68.0	RU	1544377643	83	67.67	53.09	20.3	14.2
223	College Place	90.0	US	1544376060	96	46.05	-118.39	30.92	3.36
224	Flin Flon	40.0	CA	1544374800	85	54.77	-101.88	15.8	4.7
225	Aykhal	12.0	RU	1544377644	42	65.95	111.51	-28.08	4.03
226	Kieta	48.0	PG	1544377645	98	-6.22	155.63	79.66	3.91
227	Duldurga	12.0	RU	1544377645	33	50.67	113.59	-23.98	2.8
228	Bandarbeyla	8.0	SO	1544377645	100	9.49	50.81	79.25	17.9
229	Fort-Shevchenko	20.0	KZ	1544377646	100	44.51	50.26	31.1	6.6
230	Kaitangata	92.0	NZ	1544377646	89	-46.28	169.85	49.82	6.93
231	Tura	0.0	IN	1544377647	83	25.52	90.21	54.64	2.35
232	Thompson	75.0	CA	1544375460	84	55.74	-97.86	1.4	2.24
233	Abu Samrah	92.0	SY	1544377647	96	35.3	37.18	48.61	5.14
234	Borogontsy	36.0	RU	1544377648	61	62.67	131.17	-33.84	3.24
236	Araxa	12.0	BR	1544377648	65	-19.59	-46.94	75.16	12.19
237	Anadyr	0.0	RU	1544374800	69	64.73	177.51	-9.41	13.42
238	Point Fortin	20.0	TT	1544374800	45	10.16	-61.68	87.8	17.22
239	Libreville	40.0	GA	1544374800	83	0.39	9.45	82.4	5.82
240	Bathsheba	75.0	BB	1544374800	69	13.22	-59.52	82.4	14.99
241	Nova Prata	68.0	BR	1544377651	59	-28.78	-51.61	78.76	4.36
243	Denpasar	88.0	ID	1544377583	100	-8.65	115.22	73.9	1.45
244	Chamalieres	88.0	FR	1544374800	76	45.78	3.06	48.2	10.29
245	Nevesinje	75.0	BA	1544374800	70	43.26	18.11	42.8	4.7
248	Buala	8.0	SB	1544377653	100	-8.15	159.59	79.7	1.34
249	Khilok	44.0	RU	1544377654	67	51.36	110.46	-16.87	2.68
251	Clyde River	5.0	CA	1544374800	74	70.47	-68.59	-23.81	2.24
252	Faanui	12.0	PF	1544377655	100	-16.48	-151.75	82.18	17.67
253	Pangnirtung	5.0	CA	1544374800	69	66.15	-65.72	-13.01	4.7
254	Fort Portal	8.0	UG	1544377656	94	0.66	30.28	59.77	0.56
255	Matale	44.0	LK	1544377656	97	7.47	80.62	67.87	1.9
257	Sekoma	0.0	BW	1544377656	23	-24.51	23.93	78.31	5.59
258	Muroto	68.0	JP	1544377657	100	33.37	134.14	38.89	9.17
259	Sawtell	0.0	AU	1544376600	77	-30.38	153.1	69.8	12.75
260	Zhob	56.0	PK	1544377658	100	31.34	69.45	36.91	2.24
261	Price	1.0	US	1544374380	72	39.6	-110.81	32	3.36
262	Rome	0.0	IT	1544376000	54	41.89	12.48	62.6	12.75
264	Sao Felix do Xingu	56.0	BR	1544377661	88	-6.64	-51.99	78.62	2.91
265	Fountain	40.0	US	1544376900	38	38.68	-104.7	37.94	8.05
266	Deniliquin	68.0	AU	1544377665	93	-35.53	144.96	66.02	6.38
267	San Patricio	12.0	PY	1544377666	55	-26.98	-56.83	86.41	5.14
268	Tereze	90.0	RU	1544376600	93	43.94	42.44	35.6	15.66
269	Namibe	0.0	AO	1544377669	100	-15.19	12.15	71.65	7.16
270	Nantucket	1.0	US	1544374560	42	41.28	-70.1	33.08	8.05
271	Hambantota	80.0	LK	1544377671	100	6.12	81.12	79.39	6.04
272	Marquette	5.0	US	1544374560	79	46.54	-87.4	26.96	5.82
273	Sungurlu	64.0	TR	1544377673	80	40.17	34.38	31.96	3.91
274	Port Hardy	90.0	CA	1544374800	93	50.7	-127.42	42.8	16.11
275	Oyo	44.0	NG	1544377675	43	7.84	3.93	85.73	4.03
276	Chutove	92.0	UA	1544377677	94	49.72	35.17	35.33	14.09
277	Fort Nelson	75.0	CA	1544374800	84	58.81	-122.69	-2.21	2.24
278	Muscat	0.0	OM	1544374200	41	23.6	58.55	78.8	6.93
279	Salou	0.0	ES	1544374800	48	41.08	1.14	62.6	14.99
280	Dryden	90.0	CA	1544375640	92	49.79	-92.84	15.8	5.82
281	Takoradi	12.0	GH	1544377575	100	4.89	-1.75	82.85	9.62
282	Chuy	0.0	UY	1544377683	63	-33.69	-53.46	81.73	7.94
284	Thinadhoo	80.0	MV	1544377685	100	0.53	72.93	82.18	3.47
285	Dandong	20.0	CN	1544377686	73	40.12	124.37	-2.25	2.8
286	Sur	0.0	OM	1544377687	97	22.57	59.53	76.69	2.57
287	Inisa	64.0	NG	1544377688	43	7.99	4.65	85.33	4.14
288	Paraiso	5.0	MX	1544373720	50	24.01	-104.61	51.8	2.24
289	Shepsi	48.0	RU	1544377689	93	44.04	39.15	57.83	22.82
290	Katsuura	68.0	JP	1544377689	100	33.93	134.5	38.48	5.93
291	Cobija	40.0	BR	1544374800	66	-11.02	-68.77	87.8	9.17
292	Iqaluit	75.0	CA	1544374800	70	63.75	-68.52	-2.21	9.17
294	Carolina	40.0	PR	1544374560	62	18.38	-65.96	84.02	17.22
295	Puerto Maldonado	0.0	PE	1544377691	50	-12.59	-69.19	92.71	1.23
296	Kavaratti	0.0	IN	1544377692	99	10.57	72.64	84.88	7.05
297	Dingle	56.0	PH	1544377692	90	11	122.67	76.15	9.28
298	Champerico	40.0	MX	1544374200	54	16.38	-93.6	82.4	5.82
300	Lashio	92.0	MM	1544377693	100	22.93	97.75	57.97	1.9
301	Arkhangelsk	90.0	RU	1544376600	85	64.54	40.54	24.8	11.18
302	Fortuna	0.0	ES	1544374800	67	38.18	-1.13	64.4	9.17
303	Paamiut	44.0	GL	1544377694	100	61.99	-49.67	28.18	6.82
304	Guerrero Negro	0.0	MX	1544377694	62	27.97	-114.04	66.34	1.9
305	General Roca	20.0	AR	1544374800	27	-39.03	-67.58	77	10.29
307	Killybegs	75.0	IE	1544374800	87	54.63	-8.45	48.2	25.28
308	Souillac	90.0	FR	1544374800	76	45.6	-0.6	51.8	12.75
312	Eyl	0.0	SO	1544377697	94	7.98	49.82	78.31	16.22
313	Maceio	40.0	BR	1544374800	52	-9.67	-35.74	87.8	16.11
314	Churapcha	24.0	RU	1544377697	51	62	132.43	-30.69	2.8
315	Padang	32.0	ID	1544377698	100	-0.92	100.36	82.18	1.79
316	Inongo	24.0	CD	1544377698	100	-1.93	18.29	70.7	1.9
317	Port Hedland	80.0	AU	1544376600	66	-20.31	118.58	84.2	8.05
318	Avera	90.0	US	1544376900	87	33.19	-82.53	41	9.17
319	Xining	8.0	CN	1544377700	57	36.62	101.77	15.94	5.7
321	Dudinka	92.0	RU	1544377700	79	69.41	86.18	4.55	16.22
322	Magura	0.0	NG	1544377701	31	12.46	6.59	76.33	8.39
323	Westport	75.0	IE	1544376600	87	53.8	-9.52	42.8	18.34
324	Broome	0.0	GB	1544376000	75	52.47	1.45	45.32	9.17
325	Beloha	12.0	MG	1544377702	86	-25.17	45.06	75.34	4.36
326	East London	0.0	ZA	1544374800	68	-33.02	27.91	66.2	4.7
327	Mount Gambier	0.0	AU	1544374800	93	-37.83	140.78	50	6.93
328	Turukhansk	88.0	RU	1544377703	76	65.8	87.96	5.32	9.06
329	Gushikawa	90.0	JP	1544376960	93	26.35	127.87	66.2	17.22
330	Ngunguru	0.0	NZ	1544377704	100	-35.62	174.5	60.94	17
331	Ongandjera	0.0	NA	1544377705	10	-17.88	15.07	78.62	8.72
332	Dasoguz	0.0	TM	1544374800	63	41.84	59.97	30.2	6.93
333	Mujiayingzi	56.0	CN	1544377705	55	42.12	118.78	-2.02	2.57
334	Tabou	12.0	CI	1544377706	100	4.42	-7.36	82.18	12.97
335	Kalawit	36.0	PH	1544377706	91	7.91	122.53	74.03	3.47
336	Nea Karvali	20.0	GR	1544376000	81	40.96	24.51	46.4	5.82
337	Surt	64.0	LY	1544377707	100	31.21	16.59	63.46	17.45
338	Jidong	0.0	CN	1544377707	46	45.25	131.14	-1.71	4.92
339	Shuangcheng	0.0	CN	1544374800	69	45.37	126.3	-7.61	2.24
340	Brazzaville	20.0	CD	1544374800	58	-4.27	15.27	86	3.36
341	Ouegoa	36.0	NC	1544377708	83	-20.34	164.44	74.53	12.75
342	Dukat	20.0	RS	1544377709	85	42.44	22.31	23.41	2.01
343	Plastun	0.0	RU	1544377709	51	44.76	136.29	0.5	9.51
344	Robinson	1.0	US	1544376900	63	39.01	-87.74	33.08	9.17
345	Sambava	64.0	MG	1544377710	100	-14.27	50.17	80.33	13.42
346	Debre Sina	0.0	ET	1544377710	83	9.85	39.76	48.16	1.9
348	San Rafael	0.0	AR	1544377712	23	-34.61	-68.33	83.71	6.93
349	Kungurtug	0.0	RU	1544377712	49	50.6	97.53	-33.88	3.91
350	San Andres	24.0	PH	1544377713	100	13.32	122.68	81.46	13.76
351	Seybaplaya	40.0	MX	1544374020	74	19.65	-90.67	82.4	7.72
352	Talcahuano	20.0	CL	1544374800	68	-36.72	-73.12	68	6.93
354	Kloulklubed	75.0	PW	1544374200	88	7.04	134.26	78.8	6.93
355	Batticaloa	92.0	LK	1544377715	100	7.71	81.69	77.32	6.38
357	Salalah	20.0	OM	1544374200	65	17.01	54.1	77	4.7
359	Djambala	76.0	CG	1544377716	94	-2.55	14.76	72.55	3.02
360	Sierra Vista	1.0	US	1544376360	55	31.55	-110.3	52.52	10.29
361	Garowe	0.0	SO	1544377717	52	8.41	48.48	74.62	10.96
362	Seymchan	32.0	RU	1544377717	39	62.93	152.39	-26.23	2.68
363	Sulphur Springs	75.0	US	1544376900	68	33.14	-95.6	46.4	11.41
364	Esmeraldas	75.0	BR	1544374800	60	-19.76	-44.31	71.6	10.29
365	Benjamin Hill	0.0	MX	1544377718	59	30.17	-111.1	64.13	7.94
367	Sechelt	90.0	CA	1544374800	93	49.47	-123.76	42.8	14.99
368	Okhotsk	36.0	RU	1544377720	100	59.36	143.24	4.15	7.94
369	Lompoc	1.0	US	1544375700	87	34.64	-120.46	55.04	3.69
370	Mitsamiouli	40.0	KM	1544374800	74	-11.38	43.28	82.4	11.41
371	Niteroi	0.0	BR	1544374800	29	-29.95	-51.16	87.8	4.7
372	Shimoda	20.0	JP	1544377721	100	34.7	138.93	50.72	17.9
373	Payo	68.0	ID	1544377722	93	-3.75	103.64	74.44	0.78
374	Umm Lajj	0.0	SA	1544377722	100	25.02	37.27	65.62	10.07
375	Manggar	8.0	ID	1544377723	100	-2.88	108.27	74.26	1.45
376	Talnakh	92.0	RU	1544377723	74	69.49	88.39	0.23	8.95
377	Rock Springs	1.0	US	1544374440	88	41.59	-109.2	17.96	5.82
378	Kiunga	76.0	PG	1544377724	97	-6.12	141.3	73.36	2.68
379	Port Augusta	75.0	AU	1544376600	82	-32.49	137.76	62.6	11.41
380	Ojinaga	1.0	US	1544375700	71	29.56	-104.41	51.98	3.36
381	Ponnampet	0.0	IN	1544377725	81	12.15	75.93	66.07	1.23
382	Abalak	0.0	NE	1544377725	25	15.46	6.28	70.07	9.73
383	Cockburn Town	12.0	TC	1544377561	99	21.46	-71.14	80.92	23.26
384	Ulladulla	92.0	AU	1544377726	100	-35.36	150.48	66.34	8.28
385	Pleshanovo	88.0	RU	1544374800	96	57.46	28.17	35.6	8.95
386	Campbellton	44.0	CA	1544377727	100	48	-66.68	10.54	5.59
387	Patti	40.0	IT	1544374500	63	38.14	14.96	62.6	10.29
388	Sampang	80.0	ID	1544377728	100	-7.54	109.46	79.7	4.36
389	Dunedin	32.0	NZ	1544377598	90	-45.87	170.5	47.44	7.49
390	Vengerovo	0.0	RU	1544377728	44	55.68	76.74	-5.98	7.83
391	Bhatkal	24.0	IN	1544377729	98	13.97	74.57	84.16	11.74
392	Pochutla	40.0	MX	1544373960	62	15.74	-96.47	86	5.82
393	Matara	20.0	PE	1544374800	48	-13.74	-72.9	62.6	13.87
394	Sibolga	88.0	ID	1544377730	100	1.74	98.78	71.11	1.79
395	San Antonio	0.0	CL	1544374800	56	-33.58	-71.61	80.6	18.34
396	Qaqortoq	0.0	GL	1544377732	95	60.72	-46.03	26.02	9.51
397	Almaznyy	90.0	RU	1544376600	97	48.03	40.04	32	17.9
398	Sorland	75.0	NO	1544376000	100	67.67	12.69	37.4	23.04
400	Lima	0.0	PE	1544374800	57	-12.06	-77.04	77	12.75
401	Oranjemund	0.0	ZA	1544377734	95	-28.55	16.43	63.37	19.35
402	Mezen	88.0	RU	1544377734	76	65.85	44.24	26.65	9.17
403	Junction City	1.0	US	1544374560	68	39.03	-96.83	31.28	6.93
404	Nouadhibou	0.0	MR	1544377735	42	20.93	-17.03	77.72	1.68
405	Xai-Xai	92.0	MZ	1544377735	100	-25.04	33.64	72.64	10.4
406	Haines Junction	80.0	CA	1544377736	75	60.75	-137.51	33.62	7.05
408	Cabo San Lucas	5.0	MX	1544375640	47	22.89	-109.91	75.2	12.75
409	Gallikos	20.0	GR	1544376000	70	40.86	22.88	44.6	3.36
410	Mirabad	0.0	IR	1544377737	63	28.27	61.33	36.77	3.13
413	Ostrovnoy	80.0	RU	1544377738	94	68.05	39.51	26.47	15.77
414	Snina	90.0	SK	1544374800	93	48.99	22.16	39.2	4.47
415	Broken Hill	80.0	AU	1544374800	47	-31.97	141.45	77	20.8
417	Port Macquarie	0.0	AU	1544374800	88	-31.43	152.91	64.4	8.05
418	Taseyevo	68.0	RU	1544377740	76	57.22	94.9	-11.65	2.57
419	Krasnovishersk	68.0	RU	1544377741	88	60.4	57.08	19.67	5.14
420	Henties Bay	0.0	NA	1544377741	90	-22.12	14.28	61.66	9.84
421	Terme	0.0	TR	1544374200	53	41.21	36.97	51.8	6.93
422	Saint-Joseph	0.0	FR	1544374800	62	43.56	6.97	53.6	27.51
423	Arlit	0.0	NE	1544377744	33	18.74	7.39	65.75	4.92
424	Brewster	1.0	US	1544376900	100	41.76	-70.08	33.8	13.87
425	Luanda	75.0	AO	1544374800	74	-8.83	13.24	80.6	8.05
426	Astana	76.0	KZ	1544376600	71	51.13	71.43	6.8	8.95
427	Makakilo City	1.0	US	1544374620	70	21.35	-158.09	73.94	5.82
428	Camocim	44.0	BR	1544377746	100	-2.9	-40.84	78.13	6.04
429	Necochea	80.0	AR	1544377637	61	-38.55	-58.74	77.27	12.64
430	Bada	0.0	NG	1544377747	27	12.41	4.51	78.94	8.39
431	Dullewala	92.0	PK	1544377747	96	31.84	71.44	56.53	3.02
433	Gat	0.0	SN	1544376600	21	14.69	-16.54	89.6	4.7
434	Garissa	44.0	KE	1544377748	97	-0.46	39.64	72.91	7.38
435	Baoning	90.0	CN	1544374800	86	25.34	110.03	39.2	4.47
436	Khorixas	0.0	NA	1544377749	35	-20.37	14.96	70.75	8.28
437	Lazaro Cardenas	5.0	MX	1544373600	70	28.39	-105.62	46.4	4.25
438	Tengelic	0.0	HU	1544373900	93	46.53	18.71	39.2	5.82
439	Kharsia	0.0	IN	1544377750	82	21.99	83.11	56.98	3.02
440	Constantine	0.0	DZ	1544374800	76	36.36	6.61	51.8	4.7
441	Vao	64.0	EE	1544377751	97	59.1	26.19	34.39	10.85
442	Banda Aceh	32.0	ID	1544377751	100	5.56	95.32	73.72	1.9
444	Sabang	92.0	PH	1544377752	100	13.72	123.58	73.85	5.48
445	Svetlogorsk	48.0	RU	1544376600	77	53.14	59.15	5	2.91
446	Coxim	0.0	BR	1544377753	52	-18.5	-54.75	93.79	3.13
447	Dakar	0.0	SN	1544376600	21	14.69	-17.45	89.6	4.7
448	Azuaga	0.0	ES	1544377756	88	38.26	-5.68	47.89	3.69
449	Qeshm	0.0	IR	1544376600	67	26.96	56.27	68	4.7
450	Alofi	0.0	NU	1544374800	69	-19.06	-169.92	75.2	11.41
451	Sitka	0.0	US	1544377758	46	37.17	-99.65	42.94	8.16
452	Quang Ngai	92.0	VN	1544377759	100	15.12	108.8	69.04	2.24
453	Amazar	0.0	RU	1544377760	38	53.86	120.88	-26.37	2.35
454	Klaksvik	36.0	FO	1544376000	80	62.23	-6.59	33.8	13.87
455	Skjervoy	90.0	NO	1544376000	100	70.03	20.97	23	5.82
456	Terney	0.0	RU	1544377761	100	45.05	136.61	10.63	21.36
457	Ponta Delgada	40.0	PT	1544374800	72	37.73	-25.67	66.2	13.87
458	Jimma	56.0	ET	1544377763	100	7.67	36.84	57.65	1.9
459	Chipinge	88.0	ZW	1544377763	99	-20.19	32.62	69.49	3.58
460	Wilmington	1.0	US	1544375700	83	39.75	-75.55	35.06	6.93
461	Kashiwazaki	88.0	JP	1544377764	100	37.37	138.57	34.84	4.92
462	Eirunepe	32.0	BR	1544377764	73	-6.66	-69.87	85.24	3.36
463	Muros	0.0	ES	1544374800	93	42.77	-9.06	55.4	9.17
464	Ellisras	48.0	ZA	1544377765	90	-23.67	27.74	67.51	10.74
465	Nuuk	75.0	GL	1544374200	72	64.17	-51.74	15.8	13.87
466	Barguzin	56.0	RU	1544377766	46	53.62	109.63	-17.68	1.34
467	Rabo de Peixe	40.0	PT	1544374800	72	37.8	-25.58	66.2	13.87
468	Zhezkazgan	68.0	KZ	1544377767	82	47.8	67.71	17.11	5.26
469	Gidam	0.0	IN	1544377768	88	18.98	81.4	62.29	1.9
470	La Puebla del Rio	0.0	ES	1544374800	52	37.27	-6.06	66.2	3.36
471	Kerema	32.0	PG	1544377768	94	-7.96	145.78	72.32	2.46
472	Cidreira	76.0	BR	1544377769	57	-30.17	-50.22	80.02	8.16
474	Arinos	100.0	BR	1544377770	97	-15.92	-46.11	66.83	12.64
475	Vilhena	40.0	BR	1544374800	66	-12.74	-60.15	86	4.7
476	Poum	24.0	MK	1544377770	83	41.28	20.71	27.23	1.9
477	Staryy Nadym	76.0	RU	1544377771	89	65.61	72.68	16.25	7.16
478	Saint-Augustin	0.0	FR	1544374800	81	44.83	-0.61	53.6	11.41
480	Ayacucho	0.0	PE	1544377772	34	-13.16	-74.23	65.57	5.59
482	Kudahuvadhoo	80.0	MV	1544377773	100	2.67	72.89	82.81	10.63
483	Dickson	90.0	US	1544375940	93	36.08	-87.39	35.6	12.75
484	Lucapa	92.0	AO	1544377773	100	-8.42	20.74	67.73	3.69
485	General Pico	20.0	AR	1544377774	27	-35.66	-63.75	86.18	9.28
486	Santa Isabel do Rio Negro	92.0	BR	1544377774	99	-0.41	-65.02	75.25	4.36
487	Phan Thiet	12.0	VN	1544377775	94	10.93	108.1	79.39	13.65
488	Cairns	90.0	AU	1544376600	94	-16.92	145.77	75.2	25.28
489	Vila	0.0	IT	1544376000	65	45.18	8.4	55.4	5.82
491	Ballina	75.0	IE	1544376600	87	54.11	-9.15	46.4	18.34
492	Zapolyarnyy	75.0	RU	1544376000	100	69.43	30.82	24.8	11.41
494	Vostok	36.0	RU	1544377777	65	46.45	135.83	-4.9	5.37
495	Toamasina	40.0	MG	1544374800	83	-18.17	49.38	78.8	2.24
496	Tezu	64.0	IN	1544377778	49	27.93	96.16	52.57	2.01
497	Ranong	8.0	TH	1544377778	100	9.96	98.62	80.38	11.18
498	Tonekabon	75.0	IR	1544374800	87	36.82	50.88	57.2	0.89
499	Kirakira	24.0	SB	1544377779	100	-10.46	161.92	83.03	3.91
500	Cape Canaveral	40.0	US	1544377080	88	28.41	-80.6	73.94	10.29
501	Yumen	0.0	CN	1544377780	63	40.29	97.04	-3.33	6.71
502	Dwarka	0.0	IN	1544376600	71	28.58	77.04	55.4	3.36
503	Yurkivka	75.0	UA	1544376600	100	47.64	35.68	39.2	6.71
504	Oktyabrskiy	90.0	RU	1544376600	92	55.61	37.97	26.6	8.95
505	Tigzirt	8.0	DZ	1544377782	94	36.57	4.2	43.48	1.79
506	Canatlan	5.0	MX	1544373720	50	24.52	-104.78	51.8	2.24
507	Novyy Urgal	36.0	RU	1544377783	57	51.07	132.56	-33.21	2.68
508	Soluno-Dmitriyevskoye	90.0	RU	1544376600	93	44.4	42.73	35.6	15.66
509	Santo Nino	40.0	PH	1544374800	78	15.34	120.63	77	4.7
510	Caravelas	92.0	BR	1544377784	100	-17.73	-39.27	75.7	23.49
511	Mwene-Ditu	76.0	CD	1544377784	91	-7.01	23.45	70.03	5.93
512	Chirawa	0.0	IN	1544377785	69	28.24	75.64	53.56	5.26
513	Batagay	64.0	RU	1544377785	85	67.65	134.64	-39.82	3.02
514	Yulara	0.0	AU	1544374800	41	-25.24	130.99	78.8	8.05
515	Erenhot	20.0	CN	1544377786	61	43.65	111.97	-9.13	3.69
516	Liverpool	75.0	GB	1544376000	81	53.41	-2.98	46.4	8.05
518	Port Keats	0.0	AU	1544377787	93	-14.25	129.55	81.95	4.7
519	Progreso	0.0	UY	1544374800	23	-34.68	-56.22	86	9.17
521	Kuruman	0.0	ZA	1544377788	17	-27.46	23.43	68.32	8.5
522	Mpika	80.0	ZM	1544377788	93	-11.84	31.4	67.15	4.25
523	Krishnagiri	0.0	IN	1544377789	93	12.52	78.22	62.78	3.36
524	Mount Isa	0.0	AU	1544376600	37	-20.73	139.49	86	9.17
525	Shieli	92.0	KZ	1544377789	97	44.18	66.74	32.86	6.93
526	San Cristobal	40.0	EC	1544374800	40	-0.39	-78.55	71.6	5.82
527	Jalu	0.0	LY	1544377790	56	29.03	21.55	60.17	8.05
528	Yen Bai	92.0	VN	1544377791	100	21.7	104.87	53.65	3.58
530	Mumford	20.0	GH	1544377791	81	5.26	-0.76	82.58	10.29
532	Alta Floresta	40.0	BR	1544374800	66	-9.87	-56.08	86	9.17
533	Porto Nacional	92.0	BR	1544377792	100	-10.7	-48.41	77.9	4.92
534	Nyimba	32.0	ZM	1544377793	88	-14.56	30.81	72.01	2.68
535	Camacha	75.0	PT	1544374800	72	33.08	-16.33	66.2	10.29
536	Praya	24.0	ID	1544376600	94	-8.71	116.27	78.8	1.12
538	Aswan	44.0	EG	1544377513	66	24.09	32.9	57.02	8.05
539	Novikovo	56.0	UA	1544377795	100	45.05	34.56	38.57	6.6
540	Magadan	0.0	RU	1544377795	100	59.56	150.8	11.98	17.78
541	Olonets	92.0	RU	1544377795	86	60.98	32.97	27.5	6.71
542	Troitskoye	0.0	RU	1544377796	76	52.98	84.68	2.75	6.15
543	Suhut	92.0	TR	1544377796	92	38.53	30.55	34.93	3.58
544	Rae Bareli	0.0	IN	1544377796	84	26.22	81.25	53.47	2.8
545	Qasigiannguit	75.0	GL	1544374200	60	68.82	-51.19	10.4	8.05
546	Lysa Hora	92.0	UA	1544377797	98	51.6	32.95	33.53	7.72
547	Cabatuan	92.0	PH	1544377797	95	16.95	121.67	71.74	1.68
548	Axim	0.0	GH	1544377798	100	4.87	-2.24	83.3	12.75
549	Paoua	8.0	CF	1544377798	39	7.24	16.43	74.53	8.05
550	Nortelandia	12.0	BR	1544377799	85	-14.45	-56.8	87.13	4.59
551	Merauke	48.0	ID	1544377799	100	-8.49	140.4	78.85	9.28
552	San Policarpo	76.0	PH	1544377799	100	12.18	125.51	77.14	6.49
553	Bima	12.0	ID	1544377800	100	-8.45	118.73	75.52	3.36
554	Kapit	92.0	MY	1544377800	98	2.02	112.94	70.88	2.13
555	Colesberg	44.0	ZA	1544377800	22	-30.72	25.1	71.15	13.31
556	Noumea	40.0	NC	1544376600	73	-22.28	166.46	69.8	1.12
557	Mayor Pablo Lagerenza	36.0	PY	1544377801	52	-19.93	-60.77	94.69	17.22
558	Goroka	92.0	PG	1544377802	99	-6.07	145.39	58.73	2.01
559	Gamba	8.0	CN	1544377802	42	28.28	88.52	-11.7	2.35
560	Rawson	44.0	AR	1544377803	30	-43.3	-65.11	77.18	14.99
561	Zdvinsk	0.0	RU	1544377803	57	54.7	78.67	-11.43	3.69
562	Trebinje	40.0	HR	1544374800	71	42.71	18.35	50	8.05
563	Bowen	90.0	AU	1544374800	94	-20.01	148.25	73.4	12.75
564	Kavieng	92.0	PG	1544377804	100	-2.57	150.8	85.1	3.69
565	Comodoro Rivadavia	75.0	AR	1544374800	27	-45.87	-67.48	77	17.22
566	Jagatsinghapur	0.0	IN	1544376600	77	20.27	86.17	66.2	5.03
567	Phuntsholing	0.0	IN	1544377805	81	26.86	89.38	42.98	2.35
569	Fare	24.0	PF	1544377806	100	-16.7	-151.02	81.64	18.12
570	Maxixe	40.0	MZ	1544374800	88	-23.86	35.35	80.6	4.7
571	Vanimo	64.0	PG	1544377807	100	-2.67	141.3	81.23	12.97
572	Neuquen	20.0	AR	1544374800	27	-38.95	-68.06	77	10.29
573	Kondinskoye	56.0	RU	1544377807	77	59.65	67.41	9.73	4.59
574	Antalaha	44.0	MG	1544377808	86	-14.9	50.28	79.03	8.16
575	Nema	92.0	RU	1544377808	94	57.51	50.5	24.4	5.93
576	Riachao	64.0	BR	1544377809	100	-7.36	-46.62	76.51	5.82
578	Olovyannaya	12.0	RU	1544377809	47	50.94	115.59	-30.33	2.68
579	Minden	90.0	US	1544375700	86	38.95	-119.77	30.92	4.7
582	Dhanera	0.0	IN	1544377811	53	24.51	72.02	62.42	6.04
583	San Quintin	0.0	PH	1544377811	81	17.54	120.52	68.77	4.36
584	Lorengau	48.0	PG	1544377812	98	-2.02	147.27	84.83	8.61
585	Kalmunai	44.0	LK	1544377812	100	7.42	81.82	74.17	5.59
586	Itaituba	40.0	BR	1544374800	66	-4.26	-55.99	87.8	3.36
587	Tilichiki	20.0	RU	1544377813	48	60.47	166.1	-29.88	3.58
588	Zhigansk	64.0	RU	1544377813	60	66.77	123.37	-33.21	7.16
589	Aden	0.0	YE	1544377599	100	12.79	45.03	78.85	9.4
590	Salamiyah	68.0	SY	1544377814	97	35.01	37.05	47.48	2.68
591	Breves	88.0	BR	1544377563	82	-1.68	-50.48	84.02	2.91
592	Arona	0.0	IT	1544376000	65	45.76	8.56	48.2	5.82
593	Pontes e Lacerda	32.0	BR	1544377815	76	-15.23	-59.33	88.93	5.48
594	Shingu	80.0	JP	1544377816	100	33.72	135.99	47.8	12.97
595	Hibbing	1.0	US	1544376780	92	47.43	-92.94	21.92	4.7
596	Dickinson	1.0	US	1544374560	65	46.88	-102.79	26.06	14.99
597	Sedro-Woolley	90.0	US	1544376900	57	48.5	-122.23	51.8	9.17
598	Monywa	76.0	MM	1544377817	91	22.12	95.13	66.07	6.15
599	Husavik	12.0	CA	1544377818	95	50.56	-96.99	4.6	6.6
600	Alice Springs	0.0	AU	1544376600	34	-23.7	133.88	80.6	10.29
601	Gravdal	40.0	NO	1544376000	86	59.79	5.78	41	20.8
602	Margate	40.0	AU	1544376600	87	-43.03	147.26	55.4	6.93
603	Hope	90.0	CA	1544376000	64	49.38	-121.43	37.4	16.11
604	Noshiro	48.0	JP	1544377820	100	40.21	140.05	38.44	29.19
